strategy,dataset,params,val_auroc,val_auprc,val_dr_1fp,val_dr_5fp,val_dr_10fp,test_auroc,test_auprc,test_dr_1fp,test_dr_5fp,test_dr_10fp,train_time,inference_time,best_threshold
knn_distance,ag_news,"{'k': 3, 'distance_threshold': 0.3}",0.86525,0.82925680932505,0.07,0.395,0.7,0.8519157894736843,0.8284476020232607,0.12631578947368421,0.42105263157894735,0.6231578947368421,0.0,0.0,0.3
knn_distance,ag_news,"{'k': 3, 'distance_threshold': 0.4}",0.86525,0.82925680932505,0.07,0.395,0.7,0.8519157894736843,0.8284476020232607,0.12631578947368421,0.42105263157894735,0.6231578947368421,0.0,0.0,0.4
knn_distance,ag_news,"{'k': 3, 'distance_threshold': 0.5}",0.86525,0.82925680932505,0.07,0.395,0.7,0.8519157894736843,0.8284476020232607,0.12631578947368421,0.42105263157894735,0.6231578947368421,0.0,0.0,0.5
knn_distance,ag_news,"{'k': 3, 'distance_threshold': 0.6}",0.86525,0.82925680932505,0.07,0.395,0.7,0.8519157894736843,0.8284476020232607,0.12631578947368421,0.42105263157894735,0.6231578947368421,0.0,0.0,0.6
knn_distance,ag_news,"{'k': 3, 'distance_threshold': 0.7}",0.86525,0.82925680932505,0.07,0.395,0.7,0.8519157894736843,0.8284476020232607,0.12631578947368421,0.42105263157894735,0.6231578947368421,0.0,0.0,0.7
knn_distance,ag_news,"{'k': 3, 'distance_threshold': 0.8}",0.86525,0.82925680932505,0.07,0.395,0.7,0.8519157894736843,0.8284476020232607,0.12631578947368421,0.42105263157894735,0.6231578947368421,0.0,0.0,0.8
knn_distance,ag_news,"{'k': 5, 'distance_threshold': 0.3}",0.8772249999999999,0.8340636682390068,0.065,0.405,0.735,0.8676084210526317,0.844385206595226,0.13052631578947368,0.44842105263157894,0.6568421052631579,0.0,0.0,0.3
knn_distance,ag_news,"{'k': 5, 'distance_threshold': 0.4}",0.8772249999999999,0.8340636682390068,0.065,0.405,0.735,0.8676084210526317,0.844385206595226,0.13052631578947368,0.44842105263157894,0.6568421052631579,0.0,0.0,0.4
knn_distance,ag_news,"{'k': 5, 'distance_threshold': 0.5}",0.8772249999999999,0.8340636682390068,0.065,0.405,0.735,0.8676084210526317,0.844385206595226,0.13052631578947368,0.44842105263157894,0.6568421052631579,0.0,0.0,0.5
knn_distance,ag_news,"{'k': 5, 'distance_threshold': 0.6}",0.8772249999999999,0.8340636682390068,0.065,0.405,0.735,0.8676084210526317,0.844385206595226,0.13052631578947368,0.44842105263157894,0.6568421052631579,0.0,0.0,0.6
knn_distance,ag_news,"{'k': 5, 'distance_threshold': 0.7}",0.8772249999999999,0.8340636682390068,0.065,0.405,0.735,0.8676084210526317,0.844385206595226,0.13052631578947368,0.44842105263157894,0.6568421052631579,0.0,0.0,0.7
knn_distance,ag_news,"{'k': 5, 'distance_threshold': 0.8}",0.8772249999999999,0.8340636682390068,0.065,0.405,0.735,0.8676084210526317,0.844385206595226,0.13052631578947368,0.44842105263157894,0.6568421052631579,0.0,0.0,0.8
knn_distance,ag_news,"{'k': 10, 'distance_threshold': 0.3}",0.8896,0.8433737039440208,0.07,0.43,0.74,0.8806863157894737,0.8557231806225721,0.0968421052631579,0.3894736842105263,0.7242105263157895,0.0,0.0,0.3
knn_distance,ag_news,"{'k': 10, 'distance_threshold': 0.4}",0.8896,0.8433737039440208,0.07,0.43,0.74,0.8806863157894737,0.8557231806225721,0.0968421052631579,0.3894736842105263,0.7242105263157895,0.0,0.0,0.4
knn_distance,ag_news,"{'k': 10, 'distance_threshold': 0.5}",0.8896,0.8433737039440208,0.07,0.43,0.74,0.8806863157894737,0.8557231806225721,0.0968421052631579,0.3894736842105263,0.7242105263157895,0.0,0.0,0.5
knn_distance,ag_news,"{'k': 10, 'distance_threshold': 0.6}",0.8896,0.8433737039440208,0.07,0.43,0.74,0.8806863157894737,0.8557231806225721,0.0968421052631579,0.3894736842105263,0.7242105263157895,0.0,0.0,0.6
knn_distance,ag_news,"{'k': 10, 'distance_threshold': 0.7}",0.8896,0.8433737039440208,0.07,0.43,0.74,0.8806863157894737,0.8557231806225721,0.0968421052631579,0.3894736842105263,0.7242105263157895,0.0,0.0,0.7
knn_distance,ag_news,"{'k': 10, 'distance_threshold': 0.8}",0.8896,0.8433737039440208,0.07,0.43,0.74,0.8806863157894737,0.8557231806225721,0.0968421052631579,0.3894736842105263,0.7242105263157895,0.0,0.0,0.8
knn_distance,ag_news,"{'k': 20, 'distance_threshold': 0.3}",0.8934250000000001,0.8517415377264829,0.04,0.41,0.755,0.883056842105263,0.8567981317318774,0.1031578947368421,0.37684210526315787,0.7263157894736842,0.0,0.0,0.3
knn_distance,ag_news,"{'k': 20, 'distance_threshold': 0.4}",0.8934250000000001,0.8517415377264829,0.04,0.41,0.755,0.883056842105263,0.8567981317318774,0.1031578947368421,0.37684210526315787,0.7263157894736842,0.0,0.0,0.4
knn_distance,ag_news,"{'k': 20, 'distance_threshold': 0.5}",0.8934250000000001,0.8517415377264829,0.04,0.41,0.755,0.883056842105263,0.8567981317318774,0.1031578947368421,0.37684210526315787,0.7263157894736842,0.0,0.0,0.5
knn_distance,ag_news,"{'k': 20, 'distance_threshold': 0.6}",0.8934250000000001,0.8517415377264829,0.04,0.41,0.755,0.883056842105263,0.8567981317318774,0.1031578947368421,0.37684210526315787,0.7263157894736842,0.0,0.0,0.6
knn_distance,ag_news,"{'k': 20, 'distance_threshold': 0.7}",0.8934250000000001,0.8517415377264829,0.04,0.41,0.755,0.883056842105263,0.8567981317318774,0.1031578947368421,0.37684210526315787,0.7263157894736842,0.0,0.0,0.7
knn_distance,ag_news,"{'k': 20, 'distance_threshold': 0.8}",0.8934250000000001,0.8517415377264829,0.04,0.41,0.755,0.883056842105263,0.8567981317318774,0.1031578947368421,0.37684210526315787,0.7263157894736842,0.0,0.0,0.8
knn_distance,ag_news,"{'k': 30, 'distance_threshold': 0.3}",0.89195,0.8513327298463195,0.06,0.4,0.72,0.8815199999999999,0.8545313013827736,0.09894736842105263,0.40421052631578946,0.7157894736842105,0.0,0.0,0.3
knn_distance,ag_news,"{'k': 30, 'distance_threshold': 0.4}",0.89195,0.8513327298463195,0.06,0.4,0.72,0.8815199999999999,0.8545313013827736,0.09894736842105263,0.40421052631578946,0.7157894736842105,0.0,0.0,0.4
knn_distance,ag_news,"{'k': 30, 'distance_threshold': 0.5}",0.89195,0.8513327298463195,0.06,0.4,0.72,0.8815199999999999,0.8545313013827736,0.09894736842105263,0.40421052631578946,0.7157894736842105,0.0,0.0,0.5
knn_distance,ag_news,"{'k': 30, 'distance_threshold': 0.6}",0.89195,0.8513327298463195,0.06,0.4,0.72,0.8815199999999999,0.8545313013827736,0.09894736842105263,0.40421052631578946,0.7157894736842105,0.0,0.0,0.6
knn_distance,ag_news,"{'k': 30, 'distance_threshold': 0.7}",0.89195,0.8513327298463195,0.06,0.4,0.72,0.8815199999999999,0.8545313013827736,0.09894736842105263,0.40421052631578946,0.7157894736842105,0.0,0.0,0.7
knn_distance,ag_news,"{'k': 30, 'distance_threshold': 0.8}",0.89195,0.8513327298463195,0.06,0.4,0.72,0.8815199999999999,0.8545313013827736,0.09894736842105263,0.40421052631578946,0.7157894736842105,0.0,0.0,0.8
mahalanobis,ag_news,{'threshold': 0.5},0.6963999999999999,0.6387953020797291,0.005,0.11,0.225,0.6913557894736841,0.6362205775990787,0.029473684210526315,0.09894736842105263,0.22736842105263158,0.0,0.0,0.5
mahalanobis,ag_news,{'threshold': 1.0},0.6963999999999999,0.6387953020797291,0.005,0.11,0.225,0.6913557894736841,0.6362205775990787,0.029473684210526315,0.09894736842105263,0.22736842105263158,0.0,0.0,1.0
mahalanobis,ag_news,{'threshold': 1.5},0.6963999999999999,0.6387953020797291,0.005,0.11,0.225,0.6913557894736841,0.6362205775990787,0.029473684210526315,0.09894736842105263,0.22736842105263158,0.0,0.0,1.5
mahalanobis,ag_news,{'threshold': 2.0},0.6963999999999999,0.6387953020797291,0.005,0.11,0.225,0.6913557894736841,0.6362205775990787,0.029473684210526315,0.09894736842105263,0.22736842105263158,0.0,0.0,2.0
mahalanobis,ag_news,{'threshold': 2.5},0.6963999999999999,0.6387953020797291,0.005,0.11,0.225,0.6913557894736841,0.6362205775990787,0.029473684210526315,0.09894736842105263,0.22736842105263158,0.0,0.0,2.5
mahalanobis,ag_news,{'threshold': 3.0},0.6963999999999999,0.6387953020797291,0.005,0.11,0.225,0.6913557894736841,0.6362205775990787,0.029473684210526315,0.09894736842105263,0.22736842105263158,0.0,0.0,3.0
mahalanobis,ag_news,{'threshold': 4.0},0.6963999999999999,0.6387953020797291,0.005,0.11,0.225,0.6913557894736841,0.6362205775990787,0.029473684210526315,0.09894736842105263,0.22736842105263158,0.0,0.0,4.0
mahalanobis,ag_news,{'threshold': 5.0},0.6963999999999999,0.6387953020797291,0.005,0.11,0.225,0.6913557894736841,0.6362205775990787,0.029473684210526315,0.09894736842105263,0.22736842105263158,0.0,0.0,5.0
lof,ag_news,"{'n_neighbors': 10, 'contamination': 0.05}",0.855275,0.7803121243568216,0.02,0.22,0.41,0.8609515789473683,0.813013179656494,0.06526315789473684,0.26105263157894737,0.5642105263157895,0.0,0.0,0.0
lof,ag_news,"{'n_neighbors': 10, 'contamination': 0.1}",0.855275,0.7803121243568216,0.02,0.22,0.41,0.8609515789473683,0.813013179656494,0.06526315789473684,0.26105263157894737,0.5642105263157895,0.0,0.0,0.0
lof,ag_news,"{'n_neighbors': 10, 'contamination': 0.15}",0.855275,0.7803121243568216,0.02,0.22,0.41,0.8609515789473683,0.813013179656494,0.06526315789473684,0.26105263157894737,0.5642105263157895,0.0,0.0,0.0
lof,ag_news,"{'n_neighbors': 10, 'contamination': 0.2}",0.855275,0.7803121243568216,0.02,0.22,0.41,0.8609515789473683,0.813013179656494,0.06526315789473684,0.26105263157894737,0.5642105263157895,0.0,0.0,0.0
lof,ag_news,"{'n_neighbors': 20, 'contamination': 0.05}",0.87225,0.8041391937222286,0.015,0.27,0.51,0.8713052631578946,0.8285726054363579,0.06947368421052631,0.4,0.6336842105263157,0.0,0.0,0.0
lof,ag_news,"{'n_neighbors': 20, 'contamination': 0.1}",0.87225,0.8041391937222286,0.015,0.27,0.51,0.8713052631578946,0.8285726054363579,0.06947368421052631,0.4,0.6336842105263157,0.0,0.0,0.0
lof,ag_news,"{'n_neighbors': 20, 'contamination': 0.15}",0.87225,0.8041391937222286,0.015,0.27,0.51,0.8713052631578946,0.8285726054363579,0.06947368421052631,0.4,0.6336842105263157,0.0,0.0,0.0
lof,ag_news,"{'n_neighbors': 20, 'contamination': 0.2}",0.87225,0.8041391937222286,0.015,0.27,0.51,0.8713052631578946,0.8285726054363579,0.06947368421052631,0.4,0.6336842105263157,0.0,0.0,0.0
lof,ag_news,"{'n_neighbors': 30, 'contamination': 0.05}",0.869525,0.8061741611279464,0.02,0.31,0.56,0.867722105263158,0.828356871756958,0.04842105263157895,0.37473684210526315,0.631578947368421,0.0,0.0,0.0
lof,ag_news,"{'n_neighbors': 30, 'contamination': 0.1}",0.869525,0.8061741611279464,0.02,0.31,0.56,0.867722105263158,0.828356871756958,0.04842105263157895,0.37473684210526315,0.631578947368421,0.0,0.0,0.0
lof,ag_news,"{'n_neighbors': 30, 'contamination': 0.15}",0.869525,0.8061741611279464,0.02,0.31,0.56,0.867722105263158,0.828356871756958,0.04842105263157895,0.37473684210526315,0.631578947368421,0.0,0.0,0.0
lof,ag_news,"{'n_neighbors': 30, 'contamination': 0.2}",0.869525,0.8061741611279464,0.02,0.31,0.56,0.867722105263158,0.828356871756958,0.04842105263157895,0.37473684210526315,0.631578947368421,0.0,0.0,0.0
lof,ag_news,"{'n_neighbors': 50, 'contamination': 0.05}",0.8611,0.8186799468389622,0.07,0.38,0.575,0.855101052631579,0.8240059475807643,0.04842105263157895,0.33473684210526317,0.6526315789473685,0.0,0.0,0.0
lof,ag_news,"{'n_neighbors': 50, 'contamination': 0.1}",0.8611,0.8186799468389622,0.07,0.38,0.575,0.855101052631579,0.8240059475807643,0.04842105263157895,0.33473684210526317,0.6526315789473685,0.0,0.0,0.0
lof,ag_news,"{'n_neighbors': 50, 'contamination': 0.15}",0.8611,0.8186799468389622,0.07,0.38,0.575,0.855101052631579,0.8240059475807643,0.04842105263157895,0.33473684210526317,0.6526315789473685,0.0,0.0,0.0
lof,ag_news,"{'n_neighbors': 50, 'contamination': 0.2}",0.8611,0.8186799468389622,0.07,0.38,0.575,0.855101052631579,0.8240059475807643,0.04842105263157895,0.33473684210526317,0.6526315789473685,0.0,0.0,0.0
pattern,ag_news,{'threshold': 0.3},0.5,0.5,0.005,0.005,0.01,0.5,0.48717948717948717,0.002105263157894737,0.002105263157894737,0.002105263157894737,0.0,0.0,0.3
pattern,ag_news,{'threshold': 0.4},0.5275,0.5141428571428571,0.005,0.005,0.005,0.517842105263158,0.4962619360826234,0.002105263157894737,0.002105263157894737,0.002105263157894737,0.0,0.0,0.4
pattern,ag_news,{'threshold': 0.5},0.505,0.505,0.015,0.015,0.015,0.4960526315789474,0.4865047233468286,0.002105263157894737,0.004210526315789474,0.004210526315789474,0.0,0.0,0.5
pattern,ag_news,{'threshold': 0.6},0.5,0.5,0.005,0.005,0.01,0.5,0.48717948717948717,0.002105263157894737,0.002105263157894737,0.002105263157894737,0.0,0.0,0.6
pattern,ag_news,{'threshold': 0.7},0.5,0.5,0.005,0.005,0.01,0.5,0.48717948717948717,0.002105263157894737,0.002105263157894737,0.002105263157894737,0.0,0.0,0.7
pattern,ag_news,{'threshold': 0.8},0.5,0.5,0.005,0.005,0.01,0.5,0.48717948717948717,0.002105263157894737,0.002105263157894737,0.002105263157894737,0.0,0.0,0.8
oneclass_svm,ag_news,"{'nu': 0.05, 'kernel': 'rbf'}",0.836375,0.8178003758091219,0.06,0.355,0.535,0.8337094736842106,0.8161613445177419,0.1431578947368421,0.3894736842105263,0.5452631578947369,0.0027289390563964844,0.024299144744873047,0.0
oneclass_svm,ag_news,"{'nu': 0.05, 'kernel': 'linear'}",0.8075250000000002,0.7932860507788606,0.11,0.32,0.485,0.8069052631578947,0.7833476889474303,0.0863157894736842,0.2863157894736842,0.47578947368421054,0.0011112689971923828,0.005723714828491211,0.0
oneclass_svm,ag_news,"{'nu': 0.1, 'kernel': 'rbf'}",0.836125,0.8174853418468881,0.06,0.35,0.535,0.8336294736842105,0.8158721825342833,0.1431578947368421,0.3894736842105263,0.5431578947368421,0.002410888671875,0.023588895797729492,0.0
oneclass_svm,ag_news,"{'nu': 0.1, 'kernel': 'linear'}",0.8076249999999999,0.7933510447875354,0.11,0.32,0.485,0.8069894736842105,0.7833780531009635,0.0863157894736842,0.2863157894736842,0.47368421052631576,0.0011131763458251953,0.005555152893066406,0.0
oneclass_svm,ag_news,"{'nu': 0.2, 'kernel': 'rbf'}",0.8361250000000001,0.8176102335441695,0.06,0.35,0.535,0.8336547368421052,0.8161002790153555,0.1431578947368421,0.3894736842105263,0.5452631578947369,0.002468109130859375,0.02406907081604004,0.0
oneclass_svm,ag_news,"{'nu': 0.2, 'kernel': 'linear'}",0.8096500000000001,0.793053044195185,0.08,0.335,0.49,0.8117473684210527,0.7910302390349986,0.07789473684210527,0.26105263157894737,0.4589473684210526,0.001306295394897461,0.006443023681640625,0.0
oneclass_svm,ag_news,"{'nu': 0.3, 'kernel': 'rbf'}",0.8364500000000001,0.8179356551795163,0.06,0.355,0.53,0.8337642105263158,0.8161929286034189,0.1431578947368421,0.3894736842105263,0.5473684210526316,0.0024309158325195312,0.023530006408691406,0.0
oneclass_svm,ag_news,"{'nu': 0.3, 'kernel': 'linear'}",0.8130000000000001,0.7966606380737588,0.085,0.36,0.505,0.8188294736842106,0.7981529933384495,0.09052631578947369,0.30526315789473685,0.49894736842105264,0.0015330314636230469,0.0075588226318359375,0.0
isolation_forest,ag_news,"{'contamination': 0.05, 'n_estimators': 50}",0.5052749999999999,0.4995203941154869,0.02,0.035,0.08,0.5455831578947368,0.5373203021223625,0.00631578947368421,0.0968421052631579,0.16210526315789472,0.019329071044921875,0.07494330406188965,0.0
isolation_forest,ag_news,"{'contamination': 0.05, 'n_estimators': 100}",0.565525,0.5415469916519348,0.01,0.06,0.09,0.5551705263157894,0.5460066153519789,0.014736842105263158,0.09263157894736843,0.18105263157894738,0.03699302673339844,0.04378914833068848,0.0
isolation_forest,ag_news,"{'contamination': 0.05, 'n_estimators': 200}",0.661025,0.6469525170144466,0.035,0.12,0.225,0.6581094736842104,0.6325194105706389,0.042105263157894736,0.14105263157894737,0.2673684210526316,0.07409286499023438,0.08770203590393066,0.0
isolation_forest,ag_news,"{'contamination': 0.1, 'n_estimators': 50}",0.5052749999999999,0.4995203941154869,0.02,0.035,0.08,0.5455831578947368,0.5373203021223625,0.00631578947368421,0.0968421052631579,0.16210526315789472,0.018661975860595703,0.022151947021484375,0.0
isolation_forest,ag_news,"{'contamination': 0.1, 'n_estimators': 100}",0.565525,0.5415469916519348,0.01,0.06,0.09,0.5551705263157894,0.5460066153519789,0.014736842105263158,0.09263157894736843,0.18105263157894738,0.03712916374206543,0.04400205612182617,0.0
isolation_forest,ag_news,"{'contamination': 0.1, 'n_estimators': 200}",0.661025,0.6469525170144466,0.035,0.12,0.225,0.6581094736842104,0.6325194105706389,0.042105263157894736,0.14105263157894737,0.2673684210526316,0.07361793518066406,0.08729720115661621,0.0
isolation_forest,ag_news,"{'contamination': 0.2, 'n_estimators': 50}",0.5052749999999999,0.4995203941154869,0.02,0.035,0.08,0.5455831578947368,0.5373203021223625,0.00631578947368421,0.0968421052631579,0.16210526315789472,0.018510818481445312,0.0220339298248291,0.0
isolation_forest,ag_news,"{'contamination': 0.2, 'n_estimators': 100}",0.565525,0.5415469916519348,0.01,0.06,0.09,0.5551705263157894,0.5460066153519789,0.014736842105263158,0.09263157894736843,0.18105263157894738,0.03680109977722168,0.04369711875915527,0.0
isolation_forest,ag_news,"{'contamination': 0.2, 'n_estimators': 200}",0.661025,0.6469525170144466,0.035,0.12,0.225,0.6581094736842104,0.6325194105706389,0.042105263157894736,0.14105263157894737,0.2673684210526316,0.07389092445373535,0.08770918846130371,0.0
isolation_forest,ag_news,"{'contamination': 0.3, 'n_estimators': 50}",0.5052749999999999,0.4995203941154869,0.02,0.035,0.08,0.5455831578947368,0.5373203021223625,0.00631578947368421,0.0968421052631579,0.16210526315789472,0.01873183250427246,0.022281885147094727,0.0
isolation_forest,ag_news,"{'contamination': 0.3, 'n_estimators': 100}",0.565525,0.5415469916519348,0.01,0.06,0.09,0.5551705263157894,0.5460066153519789,0.014736842105263158,0.09263157894736843,0.18105263157894738,0.03685617446899414,0.043894052505493164,0.0
isolation_forest,ag_news,"{'contamination': 0.3, 'n_estimators': 200}",0.661025,0.6469525170144466,0.035,0.12,0.225,0.6581094736842104,0.6325194105706389,0.042105263157894736,0.14105263157894737,0.2673684210526316,0.0739450454711914,0.08773303031921387,0.0
ensemble,ag_news,"{'knn': 0.4, 'mahalanobis': 0.3, 'lof': 0.2, 'pattern': 0.1}",0.696975,0.6392060046623633,0.005,0.11,0.225,0.6918231578947368,0.6368170441666358,0.029473684210526315,0.09894736842105263,0.22736842105263158,0.0,0.0,0.0
knn_distance,goemotions_novelty,"{'k': 3, 'distance_threshold': 0.3}",0.4715449438202247,0.43607290987006603,0.0,0.02247191011235955,0.05056179775280899,0.4826179775280899,0.2527829565282427,0.0,0.0449438202247191,0.11235955056179775,0.0,0.0,0.3
knn_distance,goemotions_novelty,"{'k': 3, 'distance_threshold': 0.4}",0.4715449438202247,0.43607290987006603,0.0,0.02247191011235955,0.05056179775280899,0.4826179775280899,0.2527829565282427,0.0,0.0449438202247191,0.11235955056179775,0.0,0.0,0.4
knn_distance,goemotions_novelty,"{'k': 3, 'distance_threshold': 0.5}",0.4715449438202247,0.43607290987006603,0.0,0.02247191011235955,0.05056179775280899,0.4826179775280899,0.2527829565282427,0.0,0.0449438202247191,0.11235955056179775,0.0,0.0,0.5
knn_distance,goemotions_novelty,"{'k': 3, 'distance_threshold': 0.6}",0.4715449438202247,0.43607290987006603,0.0,0.02247191011235955,0.05056179775280899,0.4826179775280899,0.2527829565282427,0.0,0.0449438202247191,0.11235955056179775,0.0,0.0,0.6
knn_distance,goemotions_novelty,"{'k': 3, 'distance_threshold': 0.7}",0.4715449438202247,0.43607290987006603,0.0,0.02247191011235955,0.05056179775280899,0.4826179775280899,0.2527829565282427,0.0,0.0449438202247191,0.11235955056179775,0.0,0.0,0.7
knn_distance,goemotions_novelty,"{'k': 3, 'distance_threshold': 0.8}",0.4715449438202247,0.43607290987006603,0.0,0.02247191011235955,0.05056179775280899,0.4826179775280899,0.2527829565282427,0.0,0.0449438202247191,0.11235955056179775,0.0,0.0,0.8
knn_distance,goemotions_novelty,"{'k': 5, 'distance_threshold': 0.3}",0.46556179775280904,0.42903895080481425,0.0,0.011235955056179775,0.05056179775280899,0.4737191011235955,0.2470604650924934,0.0,0.0449438202247191,0.07865168539325842,0.0,0.0,0.3
knn_distance,goemotions_novelty,"{'k': 5, 'distance_threshold': 0.4}",0.46556179775280904,0.42903895080481425,0.0,0.011235955056179775,0.05056179775280899,0.4737191011235955,0.2470604650924934,0.0,0.0449438202247191,0.07865168539325842,0.0,0.0,0.4
knn_distance,goemotions_novelty,"{'k': 5, 'distance_threshold': 0.5}",0.46556179775280904,0.42903895080481425,0.0,0.011235955056179775,0.05056179775280899,0.4737191011235955,0.2470604650924934,0.0,0.0449438202247191,0.07865168539325842,0.0,0.0,0.5
knn_distance,goemotions_novelty,"{'k': 5, 'distance_threshold': 0.6}",0.46556179775280904,0.42903895080481425,0.0,0.011235955056179775,0.05056179775280899,0.4737191011235955,0.2470604650924934,0.0,0.0449438202247191,0.07865168539325842,0.0,0.0,0.6
knn_distance,goemotions_novelty,"{'k': 5, 'distance_threshold': 0.7}",0.46556179775280904,0.42903895080481425,0.0,0.011235955056179775,0.05056179775280899,0.4737191011235955,0.2470604650924934,0.0,0.0449438202247191,0.07865168539325842,0.0,0.0,0.7
knn_distance,goemotions_novelty,"{'k': 5, 'distance_threshold': 0.8}",0.46556179775280904,0.42903895080481425,0.0,0.011235955056179775,0.05056179775280899,0.4737191011235955,0.2470604650924934,0.0,0.0449438202247191,0.07865168539325842,0.0,0.0,0.8
knn_distance,goemotions_novelty,"{'k': 10, 'distance_threshold': 0.3}",0.4667415730337079,0.4277856794316213,0.0056179775280898875,0.0056179775280898875,0.03932584269662921,0.4761910112359551,0.24618855323943592,0.0,0.03932584269662921,0.07865168539325842,0.0,0.0,0.3
knn_distance,goemotions_novelty,"{'k': 10, 'distance_threshold': 0.4}",0.4667415730337079,0.4277856794316213,0.0056179775280898875,0.0056179775280898875,0.03932584269662921,0.4761910112359551,0.24618855323943592,0.0,0.03932584269662921,0.07865168539325842,0.0,0.0,0.4
knn_distance,goemotions_novelty,"{'k': 10, 'distance_threshold': 0.5}",0.4667415730337079,0.4277856794316213,0.0056179775280898875,0.0056179775280898875,0.03932584269662921,0.4761910112359551,0.24618855323943592,0.0,0.03932584269662921,0.07865168539325842,0.0,0.0,0.5
knn_distance,goemotions_novelty,"{'k': 10, 'distance_threshold': 0.6}",0.4667415730337079,0.4277856794316213,0.0056179775280898875,0.0056179775280898875,0.03932584269662921,0.4761910112359551,0.24618855323943592,0.0,0.03932584269662921,0.07865168539325842,0.0,0.0,0.6
knn_distance,goemotions_novelty,"{'k': 10, 'distance_threshold': 0.7}",0.4667415730337079,0.4277856794316213,0.0056179775280898875,0.0056179775280898875,0.03932584269662921,0.4761910112359551,0.24618855323943592,0.0,0.03932584269662921,0.07865168539325842,0.0,0.0,0.7
knn_distance,goemotions_novelty,"{'k': 10, 'distance_threshold': 0.8}",0.4667415730337079,0.4277856794316213,0.0056179775280898875,0.0056179775280898875,0.03932584269662921,0.4761910112359551,0.24618855323943592,0.0,0.03932584269662921,0.07865168539325842,0.0,0.0,0.8
knn_distance,goemotions_novelty,"{'k': 20, 'distance_threshold': 0.3}",0.4810112359550562,0.43670507834516425,0.0056179775280898875,0.0056179775280898875,0.02247191011235955,0.48251685393258426,0.2495781947191414,0.0,0.03932584269662921,0.06741573033707865,0.0,0.0,0.3
knn_distance,goemotions_novelty,"{'k': 20, 'distance_threshold': 0.4}",0.4810112359550562,0.43670507834516425,0.0056179775280898875,0.0056179775280898875,0.02247191011235955,0.48251685393258426,0.2495781947191414,0.0,0.03932584269662921,0.06741573033707865,0.0,0.0,0.4
knn_distance,goemotions_novelty,"{'k': 20, 'distance_threshold': 0.5}",0.4810112359550562,0.43670507834516425,0.0056179775280898875,0.0056179775280898875,0.02247191011235955,0.48251685393258426,0.2495781947191414,0.0,0.03932584269662921,0.06741573033707865,0.0,0.0,0.5
knn_distance,goemotions_novelty,"{'k': 20, 'distance_threshold': 0.6}",0.4810112359550562,0.43670507834516425,0.0056179775280898875,0.0056179775280898875,0.02247191011235955,0.48251685393258426,0.2495781947191414,0.0,0.03932584269662921,0.06741573033707865,0.0,0.0,0.6
knn_distance,goemotions_novelty,"{'k': 20, 'distance_threshold': 0.7}",0.4810112359550562,0.43670507834516425,0.0056179775280898875,0.0056179775280898875,0.02247191011235955,0.48251685393258426,0.2495781947191414,0.0,0.03932584269662921,0.06741573033707865,0.0,0.0,0.7
knn_distance,goemotions_novelty,"{'k': 20, 'distance_threshold': 0.8}",0.4810112359550562,0.43670507834516425,0.0056179775280898875,0.0056179775280898875,0.02247191011235955,0.48251685393258426,0.2495781947191414,0.0,0.03932584269662921,0.06741573033707865,0.0,0.0,0.8
knn_distance,goemotions_novelty,"{'k': 30, 'distance_threshold': 0.3}",0.49174157303370786,0.4433032766085756,0.0056179775280898875,0.0056179775280898875,0.028089887640449437,0.48482022471910113,0.2516469107773452,0.0,0.03932584269662921,0.056179775280898875,0.0,0.0,0.3
knn_distance,goemotions_novelty,"{'k': 30, 'distance_threshold': 0.4}",0.49174157303370786,0.4433032766085756,0.0056179775280898875,0.0056179775280898875,0.028089887640449437,0.48482022471910113,0.2516469107773452,0.0,0.03932584269662921,0.056179775280898875,0.0,0.0,0.4
knn_distance,goemotions_novelty,"{'k': 30, 'distance_threshold': 0.5}",0.49174157303370786,0.4433032766085756,0.0056179775280898875,0.0056179775280898875,0.028089887640449437,0.48482022471910113,0.2516469107773452,0.0,0.03932584269662921,0.056179775280898875,0.0,0.0,0.5
knn_distance,goemotions_novelty,"{'k': 30, 'distance_threshold': 0.6}",0.49174157303370786,0.4433032766085756,0.0056179775280898875,0.0056179775280898875,0.028089887640449437,0.48482022471910113,0.2516469107773452,0.0,0.03932584269662921,0.056179775280898875,0.0,0.0,0.6
knn_distance,goemotions_novelty,"{'k': 30, 'distance_threshold': 0.7}",0.49174157303370786,0.4433032766085756,0.0056179775280898875,0.0056179775280898875,0.028089887640449437,0.48482022471910113,0.2516469107773452,0.0,0.03932584269662921,0.056179775280898875,0.0,0.0,0.7
knn_distance,goemotions_novelty,"{'k': 30, 'distance_threshold': 0.8}",0.49174157303370786,0.4433032766085756,0.0056179775280898875,0.0056179775280898875,0.028089887640449437,0.48482022471910113,0.2516469107773452,0.0,0.03932584269662921,0.056179775280898875,0.0,0.0,0.8
mahalanobis,goemotions_novelty,{'threshold': 0.5},0.41806179775280894,0.4034967312753417,0.0,0.0,0.03932584269662921,0.4829213483146067,0.248904035585423,0.0056179775280898875,0.02247191011235955,0.08426966292134831,0.0,0.0,0.5
mahalanobis,goemotions_novelty,{'threshold': 1.0},0.41806179775280894,0.4034967312753417,0.0,0.0,0.03932584269662921,0.4829213483146067,0.248904035585423,0.0056179775280898875,0.02247191011235955,0.08426966292134831,0.0,0.0,1.0
mahalanobis,goemotions_novelty,{'threshold': 1.5},0.41806179775280894,0.4034967312753417,0.0,0.0,0.03932584269662921,0.4829213483146067,0.248904035585423,0.0056179775280898875,0.02247191011235955,0.08426966292134831,0.0,0.0,1.5
mahalanobis,goemotions_novelty,{'threshold': 2.0},0.41806179775280894,0.4034967312753417,0.0,0.0,0.03932584269662921,0.4829213483146067,0.248904035585423,0.0056179775280898875,0.02247191011235955,0.08426966292134831,0.0,0.0,2.0
mahalanobis,goemotions_novelty,{'threshold': 2.5},0.41806179775280894,0.4034967312753417,0.0,0.0,0.03932584269662921,0.4829213483146067,0.248904035585423,0.0056179775280898875,0.02247191011235955,0.08426966292134831,0.0,0.0,2.5
mahalanobis,goemotions_novelty,{'threshold': 3.0},0.41806179775280894,0.4034967312753417,0.0,0.0,0.03932584269662921,0.4829213483146067,0.248904035585423,0.0056179775280898875,0.02247191011235955,0.08426966292134831,0.0,0.0,3.0
mahalanobis,goemotions_novelty,{'threshold': 4.0},0.41806179775280894,0.4034967312753417,0.0,0.0,0.03932584269662921,0.4829213483146067,0.248904035585423,0.0056179775280898875,0.02247191011235955,0.08426966292134831,0.0,0.0,4.0
mahalanobis,goemotions_novelty,{'threshold': 5.0},0.41806179775280894,0.4034967312753417,0.0,0.0,0.03932584269662921,0.4829213483146067,0.248904035585423,0.0056179775280898875,0.02247191011235955,0.08426966292134831,0.0,0.0,5.0
lof,goemotions_novelty,"{'n_neighbors': 10, 'contamination': 0.05}",0.4942134831460674,0.4718137704629284,0.011235955056179775,0.05056179775280899,0.11235955056179775,0.5063258426966293,0.25740017108758645,0.0056179775280898875,0.02247191011235955,0.056179775280898875,0.0,0.0,0.0
lof,goemotions_novelty,"{'n_neighbors': 10, 'contamination': 0.1}",0.4942134831460674,0.4718137704629284,0.011235955056179775,0.05056179775280899,0.11235955056179775,0.5063258426966293,0.25740017108758645,0.0056179775280898875,0.02247191011235955,0.056179775280898875,0.0,0.0,0.0
lof,goemotions_novelty,"{'n_neighbors': 10, 'contamination': 0.15}",0.4942134831460674,0.4718137704629284,0.011235955056179775,0.05056179775280899,0.11235955056179775,0.5063258426966293,0.25740017108758645,0.0056179775280898875,0.02247191011235955,0.056179775280898875,0.0,0.0,0.0
lof,goemotions_novelty,"{'n_neighbors': 10, 'contamination': 0.2}",0.4942134831460674,0.4718137704629284,0.011235955056179775,0.05056179775280899,0.11235955056179775,0.5063258426966293,0.25740017108758645,0.0056179775280898875,0.02247191011235955,0.056179775280898875,0.0,0.0,0.0
lof,goemotions_novelty,"{'n_neighbors': 20, 'contamination': 0.05}",0.5233286516853933,0.49277645935889103,0.016853932584269662,0.07865168539325842,0.10674157303370786,0.5057921348314607,0.2558365641592165,0.0,0.016853932584269662,0.056179775280898875,0.0,0.0,0.0
lof,goemotions_novelty,"{'n_neighbors': 20, 'contamination': 0.1}",0.5233286516853933,0.49277645935889103,0.016853932584269662,0.07865168539325842,0.10674157303370786,0.5057921348314607,0.2558365641592165,0.0,0.016853932584269662,0.056179775280898875,0.0,0.0,0.0
lof,goemotions_novelty,"{'n_neighbors': 20, 'contamination': 0.15}",0.5233286516853933,0.49277645935889103,0.016853932584269662,0.07865168539325842,0.10674157303370786,0.5057921348314607,0.2558365641592165,0.0,0.016853932584269662,0.056179775280898875,0.0,0.0,0.0
lof,goemotions_novelty,"{'n_neighbors': 20, 'contamination': 0.2}",0.5233286516853933,0.49277645935889103,0.016853932584269662,0.07865168539325842,0.10674157303370786,0.5057921348314607,0.2558365641592165,0.0,0.016853932584269662,0.056179775280898875,0.0,0.0,0.0
lof,goemotions_novelty,"{'n_neighbors': 30, 'contamination': 0.05}",0.509747191011236,0.4683514616885389,0.0056179775280898875,0.0449438202247191,0.08426966292134831,0.4969325842696629,0.2524311623227803,0.0,0.02247191011235955,0.06179775280898876,0.0,0.0,0.0
lof,goemotions_novelty,"{'n_neighbors': 30, 'contamination': 0.1}",0.509747191011236,0.4683514616885389,0.0056179775280898875,0.0449438202247191,0.08426966292134831,0.4969325842696629,0.2524311623227803,0.0,0.02247191011235955,0.06179775280898876,0.0,0.0,0.0
lof,goemotions_novelty,"{'n_neighbors': 30, 'contamination': 0.15}",0.509747191011236,0.4683514616885389,0.0056179775280898875,0.0449438202247191,0.08426966292134831,0.4969325842696629,0.2524311623227803,0.0,0.02247191011235955,0.06179775280898876,0.0,0.0,0.0
lof,goemotions_novelty,"{'n_neighbors': 30, 'contamination': 0.2}",0.509747191011236,0.4683514616885389,0.0056179775280898875,0.0449438202247191,0.08426966292134831,0.4969325842696629,0.2524311623227803,0.0,0.02247191011235955,0.06179775280898876,0.0,0.0,0.0
lof,goemotions_novelty,"{'n_neighbors': 50, 'contamination': 0.05}",0.5273595505617977,0.4762010292539622,0.0056179775280898875,0.05056179775280899,0.056179775280898875,0.4870505617977528,0.2514210188246071,0.0,0.016853932584269662,0.07865168539325842,0.0,0.0,0.0
lof,goemotions_novelty,"{'n_neighbors': 50, 'contamination': 0.1}",0.5273595505617977,0.4762010292539622,0.0056179775280898875,0.05056179775280899,0.056179775280898875,0.4870505617977528,0.2514210188246071,0.0,0.016853932584269662,0.07865168539325842,0.0,0.0,0.0
lof,goemotions_novelty,"{'n_neighbors': 50, 'contamination': 0.15}",0.5273595505617977,0.4762010292539622,0.0056179775280898875,0.05056179775280899,0.056179775280898875,0.4870505617977528,0.2514210188246071,0.0,0.016853932584269662,0.07865168539325842,0.0,0.0,0.0
lof,goemotions_novelty,"{'n_neighbors': 50, 'contamination': 0.2}",0.5273595505617977,0.4762010292539622,0.0056179775280898875,0.05056179775280899,0.056179775280898875,0.4870505617977528,0.2514210188246071,0.0,0.016853932584269662,0.07865168539325842,0.0,0.0,0.0
pattern,goemotions_novelty,{'threshold': 0.3},0.5,0.4708994708994709,0.0056179775280898875,0.0056179775280898875,0.0056179775280898875,0.5,0.26253687315634217,0.0056179775280898875,0.0056179775280898875,0.0056179775280898875,0.0,0.0,0.3
pattern,goemotions_novelty,{'threshold': 0.4},0.5271910112359551,0.4848526751866755,0.0056179775280898875,0.0056179775280898875,0.0056179775280898875,0.5069550561797753,0.2652587561736548,0.0056179775280898875,0.0056179775280898875,0.0056179775280898875,0.0,0.0,0.4
pattern,goemotions_novelty,{'threshold': 0.5},0.47890449438202254,0.4612403566055251,0.0056179775280898875,0.056179775280898875,0.11797752808988764,0.5142584269662921,0.26849540949918793,0.0,0.0,0.10112359550561797,0.0,0.0,0.5
pattern,goemotions_novelty,{'threshold': 0.6},0.5005898876404493,0.4711967183877296,0.02247191011235955,0.056179775280898875,0.056179775280898875,0.4940449438202247,0.2607802194159955,0.0,0.028089887640449437,0.033707865168539325,0.0,0.0,0.6
pattern,goemotions_novelty,{'threshold': 0.7},0.5012359550561798,0.47155341537364004,0.011235955056179775,0.02247191011235955,0.02247191011235955,0.4928089887640449,0.2615726721324812,0.0,0.0056179775280898875,0.011235955056179775,0.0,0.0,0.7
pattern,goemotions_novelty,{'threshold': 0.8},0.5,0.4708994708994709,0.0056179775280898875,0.0056179775280898875,0.0056179775280898875,0.499,0.26253687315634217,0.0056179775280898875,0.0056179775280898875,0.0056179775280898875,0.0,0.0,0.8
oneclass_svm,goemotions_novelty,"{'nu': 0.05, 'kernel': 'rbf'}",0.5425280898876405,0.48779026365060724,0.011235955056179775,0.03932584269662921,0.08426966292134831,0.4812584269662922,0.2448708443555408,0.0056179775280898875,0.02247191011235955,0.06179775280898876,0.002608776092529297,0.018738985061645508,0.0
oneclass_svm,goemotions_novelty,"{'nu': 0.05, 'kernel': 'linear'}",0.5545224719101124,0.4998401289526,0.016853932584269662,0.03932584269662921,0.06179775280898876,0.47447191011235956,0.24371783385448445,0.0056179775280898875,0.028089887640449437,0.05056179775280899,0.0010731220245361328,0.004452943801879883,0.0
oneclass_svm,goemotions_novelty,"{'nu': 0.1, 'kernel': 'rbf'}",0.5425842696629213,0.48780908372251575,0.011235955056179775,0.03932584269662921,0.08426966292134831,0.48123595505617983,0.24486963529389097,0.0056179775280898875,0.02247191011235955,0.06179775280898876,0.002407073974609375,0.018550872802734375,0.0
oneclass_svm,goemotions_novelty,"{'nu': 0.1, 'kernel': 'linear'}",0.5549157303370787,0.5005806110163418,0.016853932584269662,0.0449438202247191,0.06179775280898876,0.4733595505617978,0.24351755358601496,0.0056179775280898875,0.028089887640449437,0.05056179775280899,0.0009999275207519531,0.004342079162597656,0.0
oneclass_svm,goemotions_novelty,"{'nu': 0.2, 'kernel': 'rbf'}",0.5425,0.4877667219515294,0.011235955056179775,0.03932584269662921,0.08426966292134831,0.4812584269662922,0.24486569870759706,0.0056179775280898875,0.02247191011235955,0.06179775280898876,0.0024280548095703125,0.01861715316772461,0.0
oneclass_svm,goemotions_novelty,"{'nu': 0.2, 'kernel': 'linear'}",0.5480337078651685,0.49850829426510457,0.016853932584269662,0.03932584269662921,0.06741573033707865,0.4709775280898877,0.24248943208739893,0.0056179775280898875,0.028089887640449437,0.05056179775280899,0.0011639595031738281,0.004698038101196289,0.0
oneclass_svm,goemotions_novelty,"{'nu': 0.3, 'kernel': 'rbf'}",0.5417977528089888,0.48728782770435297,0.011235955056179775,0.03932584269662921,0.08426966292134831,0.48147191011235957,0.24508536068827855,0.0056179775280898875,0.02247191011235955,0.06179775280898876,0.0024330615997314453,0.018691062927246094,0.0
oneclass_svm,goemotions_novelty,"{'nu': 0.3, 'kernel': 'linear'}",0.5350561797752809,0.487702208076931,0.011235955056179775,0.03932584269662921,0.07865168539325842,0.475123595505618,0.24134368875224693,0.0056179775280898875,0.016853932584269662,0.0449438202247191,0.00140380859375,0.006036043167114258,0.0
isolation_forest,goemotions_novelty,"{'contamination': 0.05, 'n_estimators': 50}",0.5506741573033708,0.5234585858189433,0.016853932584269662,0.07865168539325842,0.1348314606741573,0.4962921348314607,0.258364877232249,0.0056179775280898875,0.05056179775280899,0.08426966292134831,0.019707202911376953,0.022810935974121094,0.0
isolation_forest,goemotions_novelty,"{'contamination': 0.05, 'n_estimators': 100}",0.5491011235955057,0.519975305683692,0.028089887640449437,0.05056179775280899,0.14606741573033707,0.48293258426966296,0.24409283773077084,0.0,0.016853932584269662,0.0449438202247191,0.03726983070373535,0.04321408271789551,0.0
isolation_forest,goemotions_novelty,"{'contamination': 0.05, 'n_estimators': 200}",0.5407303370786517,0.5329405990040077,0.0449438202247191,0.07303370786516854,0.1404494382022472,0.4765056179775281,0.24293819551643975,0.0,0.011235955056179775,0.07865168539325842,0.0733482837677002,0.08531570434570312,0.0
isolation_forest,goemotions_novelty,"{'contamination': 0.1, 'n_estimators': 50}",0.5506741573033708,0.5234585858189433,0.016853932584269662,0.07865168539325842,0.1348314606741573,0.4962921348314607,0.258364877232249,0.0056179775280898875,0.05056179775280899,0.08426966292134831,0.019266843795776367,0.022337913513183594,0.0
isolation_forest,goemotions_novelty,"{'contamination': 0.1, 'n_estimators': 100}",0.5491011235955057,0.519975305683692,0.028089887640449437,0.05056179775280899,0.14606741573033707,0.48293258426966296,0.24409283773077084,0.0,0.016853932584269662,0.0449438202247191,0.037084102630615234,0.04307198524475098,0.0
isolation_forest,goemotions_novelty,"{'contamination': 0.1, 'n_estimators': 200}",0.5407303370786517,0.5329405990040077,0.0449438202247191,0.07303370786516854,0.1404494382022472,0.4765056179775281,0.24293819551643975,0.0,0.011235955056179775,0.07865168539325842,0.07407402992248535,0.08607697486877441,0.0
isolation_forest,goemotions_novelty,"{'contamination': 0.2, 'n_estimators': 50}",0.5506741573033708,0.5234585858189433,0.016853932584269662,0.07865168539325842,0.1348314606741573,0.4962921348314607,0.258364877232249,0.0056179775280898875,0.05056179775280899,0.08426966292134831,0.018941164016723633,0.022018909454345703,0.0
isolation_forest,goemotions_novelty,"{'contamination': 0.2, 'n_estimators': 100}",0.5491011235955057,0.519975305683692,0.028089887640449437,0.05056179775280899,0.14606741573033707,0.48293258426966296,0.24409283773077084,0.0,0.016853932584269662,0.0449438202247191,0.0373532772064209,0.043382883071899414,0.0
isolation_forest,goemotions_novelty,"{'contamination': 0.2, 'n_estimators': 200}",0.5407303370786517,0.5329405990040077,0.0449438202247191,0.07303370786516854,0.1404494382022472,0.4765056179775281,0.24293819551643975,0.0,0.011235955056179775,0.07865168539325842,0.07342529296875,0.08515787124633789,0.0
isolation_forest,goemotions_novelty,"{'contamination': 0.3, 'n_estimators': 50}",0.5506741573033708,0.5234585858189433,0.016853932584269662,0.07865168539325842,0.1348314606741573,0.4962921348314607,0.258364877232249,0.0056179775280898875,0.05056179775280899,0.08426966292134831,0.0190887451171875,0.02218794822692871,0.0
isolation_forest,goemotions_novelty,"{'contamination': 0.3, 'n_estimators': 100}",0.5491011235955057,0.519975305683692,0.028089887640449437,0.05056179775280899,0.14606741573033707,0.48293258426966296,0.24409283773077084,0.0,0.016853932584269662,0.0449438202247191,0.03654074668884277,0.04263114929199219,0.0
isolation_forest,goemotions_novelty,"{'contamination': 0.3, 'n_estimators': 200}",0.5407303370786517,0.5329405990040077,0.0449438202247191,0.07303370786516854,0.1404494382022472,0.4765056179775281,0.24293819551643975,0.0,0.011235955056179775,0.07865168539325842,0.07291722297668457,0.08499789237976074,0.0
ensemble,goemotions_novelty,"{'knn': 0.4, 'mahalanobis': 0.3, 'lof': 0.2, 'pattern': 0.1}",0.4181741573033708,0.403567257563661,0.0,0.0,0.03932584269662921,0.4829325842696629,0.24873771366839553,0.0,0.02247191011235955,0.08426966292134831,0.0,0.0,0.0
